"URL","ASIN","Title","Brand","Fulfillment","Category","BSR","Subcategory","Price","Price Trend (90 days) (%)","Monthly Sales","Sales Trend (90 days) (%)","Monthly Revenue","Review Count","Reviews Rating","Seller","Number of Active Sellers","Last Year Sales","Sales Year Over Year (%)","Size Tier","Length","Width","Height","Weight","Storage Fee (Jan - Sep)","Storage Fee (Oct - Dec)","Best Sales Period","Age (Month)","Number of Images","Variation Count","Sales to Reviews"
"https://amazon.com/dp/B0B7KHT12M","B0B7KHT12M","Dish Soap Dispenser for Kitchen - 2 Pack Kitchen Soap Dispenser Set Soap Dispenser Bathroom, Hand Soap Dispenser Glass Soap Dispenser Liquid Soap Dispenser, Hand Soap and Lotion Dispenser Set","FINESSY","FBA","Home & Kitchen",63710,"Countertop Soap Dispensers",32.45,-10,203,0,6587.35,164,4.4,"Elevated Everyday",1,"N/A","N/A","Large Standard-Size",5.08,8.03,8.94,2.02,145.56,506.3,"01/01/2023",9,6,0,1.24
"https://amazon.com/dp/B0B76YQ758","B0B76YQ758","VICUKIE Dish Soap Dispenser, Contains Glass Hand Soap Dispenser and Dish Soap Dispenser, Kitchen Soap Dispenser Set, Matte Black Soap Dispenser, Farmhouse Kitchen Decor (Black)","VICUKIE","FBA","Home & Kitchen",5929536,"Countertop Soap Dispensers",35.99,"N/A",0,0,0,1,1,"VICUKIE",1,"N/A","N/A","Large Standard-Size",4.2,7.6,8,1.35,101.97,354.67,"10/01/2022",9,7,0,0
"https://amazon.com/dp/B0BJ7CF4HS","B0BJ7CF4HS","Soap Dispenser, SUKIYPO Kitchen Soap Dispenser Set with Bamboo Tray, 17oz Hand Soap Dispenser and Dish Soap Dispenser for Kitchen, Refillable Glass Soap Dispenser for Farmhouse Kitchen Decor (Black)","SUKIYPO","FBA","Home & Kitchen",390840,"Countertop Soap Dispensers",32.99,62,1,-120,32.99,61,4.6,"Kinstar-US",1,"N/A","N/A","Large Standard-Size",3.9,7.87,8.23,1.59,100.87,350.84,"02/01/2023",6,7,4,0.02
"https://amazon.com/dp/B0BJ7GHYG8","B0BJ7GHYG8","Soap Dispenser Set with Tray - SUKIYPO Glass Hand Soap Dispenser and Glass Dish Soap Dispenser, Kitchen Soap Dispenser Set for Modern Farmhouse Kitchen Decor (Black & White)","SUKIYPO","FBA","Home & Kitchen",747535,"Countertop Soap Dispensers",31.99,31,3,-110,95.97,61,4.6,"Kinstar-US",1,"N/A","N/A","Large Standard-Size",3.94,7.91,8.19,1.54,101.92,354.51,"02/01/2023",6,7,4,0.05
"https://amazon.com/dp/B0C3LB89BR","B0C3LB89BR","Large Soap Dispenser for Kitchen Sink and Bathroom Soap Dispenser Set - 2 Pack - (8"" in Height) - Grey Hand Soap Dispenser for Kitchen Sink Soap Dispenser Set","Varato Design","FBM","Tools & Home Improvement",1159399,"Built In Soap Dispensers",59.99,"N/A",1,,59.99,"N/A","N/A","Varato Design",1,"N/A","N/A","N/A","N/A","N/A","N/A","N/A","N/A","N/A","06/01/2023","-",9,0,"N/A"
"https://amazon.com/dp/B09541VJDP","B09541VJDP","Glass Hand and Dish Soap Dispenser Set, Modern Soap Dispenser Kitchen, Amber Apothecary Soap Dispenser, Set of 2","Heartland Lettering","FBA","Home & Kitchen",838640,"Countertop Soap Dispensers",38,"N/A",11,79,418,20,4.8,"Heartland Lettering",1,168,-67,"Large Standard-Size",4.69,6.42,8.35,1.61,100.39,349.19,"10/01/2021",25,4,0,0.55
"https://amazon.com/dp/B0B9KXYP5H","B0B9KXYP5H","Glass Soap Dispenser for Kitchen Sink,Farmhouse Kitchen Dish Soap Dispenser&Hand Soap Dispenser Set,Rustproof Pump Soap Dispenser Bathroom with Tray,Waterproof Label for Kitchen Decor(White","eggs sound","FBA","Home & Kitchen",61871,"Bath",39.98,"N/A",423,-62,16911.54,75,4.7,"Dan sheng US",1,"N/A","N/A","Large Standard-Size",4.92,9.21,10,2.31,180.94,629.35,"04/01/2023",9,7,3,5.64
"https://amazon.com/dp/B0B9KYXTCM","B0B9KYXTCM","Glass Soap Dispenser for Kitchen Sink,Farmhouse Kitchen Dish Soap Dispenser&Hand Soap Dispenser Set,Rustproof Pump Soap Dispenser Bathroom with Tray,Waterproof Label for Kitchen Decor(Black","eggs sound","FBM","Home & Kitchen",61871,"Bath",39.98,"N/A",423,-62,16911.54,75,4.7,"Dan sheng US",1,"N/A","N/A","Large Standard-Size",5.08,9.21,9.8,2.29,"N/A","N/A","04/01/2023",9,7,3,5.64
"https://amazon.com/dp/B0B9LH78KR","B0B9LH78KR","Glass Soap Dispenser for Kitchen Sink,Farmhouse Kitchen Dish Soap Dispenser&Hand Soap Dispenser Set,Rustproof Pump Bathroom Soap Dispenser with Tray,Waterproof Label for Kitchen Decor(Amber","eggs sound","FBM","Home & Kitchen",61871,"Bath",37.98,"N/A",423,-62,16065.54,75,4.7,"Dan sheng US",1,"N/A","N/A","Large Standard-Size",5.08,9.21,9.88,2.31,"N/A","N/A","04/01/2023",9,7,3,5.64
"https://amazon.com/dp/B0BPHH7KR5","B0BPHH7KR5","Automatic Soap Dispenser, Dish Soap Dispenser for Kitchen Sink, Kitchen Soap Dispenser Set Wall Mount or Countertop Rechargeable Dispenser Liquid + Foaming Hand KSITEX","KSITEX","FBA","Tools & Home Improvement",433292,"Built In Soap Dispensers",34.99,8,29,64,1014.71,282,3.6,"KSITEX-US-SHOP",1,"N/A","N/A","Large Standard-Size",3.6,6.1,7.5,1.2,65.77,228.75,"06/01/2023",3,8,0,0.1
"https://amazon.com/dp/B0BNFRPTX9","B0BNFRPTX9","CIMONS Soap Dispenser for Kitchen Lotion Bottle Soap Dispenser Home Made Clear Glass Lotions Dispenser Dispensing Soap Dispenser for Essential Oils Bathroom Soap Dispenser Set","CIMONS","FBM","Home & Kitchen",6672701,"Countertop Soap Dispensers",31.1,"N/A",0,,0,"N/A","N/A","Mona Department Store",1,"N/A","N/A","N/A","N/A","N/A","N/A","N/A","N/A","N/A","-","-",4,0,"N/A"
"https://amazon.com/dp/B0BFVRRXFN","B0BFVRRXFN","Pantry Organization and Storage Baskets, Pantry Organizer Bins White Pantry Storage Bin + Soap Dispenser Dish Soap Dispenser for Kitchen, Hand Soap Dispenser Bathroom, Kitchen Soap Dispenser Set","FINESSY","FBA","Home & Kitchen",5037573,"Countertop Soap Dispensers",59.45,"N/A",0,0,0,"N/A","N/A","Elevated Everyday",0,"N/A","N/A","N/A","N/A","N/A","N/A","N/A","N/A","N/A","-",6,8,0,"N/A"
"https://amazon.com/dp/B0BNGMNY3W","B0BNGMNY3W","Soap Dispenser for Kitchen Foaming Hand Soap Dispenser Ceramics Soap Foam Dispenser (23.7oz) Big Capacity Soap Dispenser Refillable and Eco Friendly Bathroom Soap Dispenser Set (Color : E)","CIMONS","FBM","Home & Kitchen",7149200,"Countertop Soap Dispensers",32.51,"N/A",0,0,0,"N/A","N/A","Mona Department Store",1,"N/A","N/A","N/A","N/A","N/A","N/A","N/A","N/A","N/A","-",7,6,0,"N/A"
"https://amazon.com/dp/B0BNGBD8J4","B0BNGBD8J4","Soap Dispenser for Kitchen Foaming Hand Soap Dispenser Ceramics Soap Foam Dispenser (23.7oz) Big Capacity Soap Dispenser Refillable and Eco Friendly Bathroom Soap Dispenser Set (Color : D)","CIMONS","FBM","Home & Kitchen",7147675,"Countertop Soap Dispensers",32.51,"N/A",0,0,0,"N/A","N/A","Mona Department Store",1,"N/A","N/A","N/A","N/A","N/A","N/A","N/A","N/A","N/A","-","-",6,0,"N/A"
"https://amazon.com/dp/B07DPV6TMT","B07DPV6TMT","Rail19 Amber Dish Soap Dispenser Set - Laurel Hands + Dishes Soap Hand Soap Dispenser Set Perfect for Kitchen Sink, 16oz","Rail19","FBM","Home & Kitchen",1852317,"Dispensers",32.5,"N/A",1,-50,32.5,354,4.7,"Rail19",1,4,-78,"Large Standard-Size",10,7,4.75,15,"N/A","N/A","01/01/2022",60,2,2,0
"https://amazon.com/dp/B08Z3Q29LB","B08Z3Q29LB","BUYT Bathroom Soap Dispenser Set Soap Dispenser Wall Mounted Liquid Dispenser Mural Kitchen Shampoo Shower Dispenser Hand Liquid Lotions Dispenser","BUYT","FBM","Home & Kitchen",5774746,"Countertop Soap Dispensers",38.19,"N/A",0,,0,1,1,"junboyaojianshe",1,"N/A","N/A","N/A","N/A","N/A","N/A","N/A","N/A","N/A","-",1,6,0,0
"https://amazon.com/dp/B08XPSDDWV","B08XPSDDWV","OMAIA 4-in-1 Kitchen Soap Dispenser Set & 2-in-1 Kitchen Soap Dispenser with Sponge Holder","OMAIA","FBA","Home & Kitchen",4360461,"Countertop Soap Dispensers",35.99,"N/A",0,0,0,1,5,"OMAIA",0,1,"N/A","N/A","N/A","N/A","N/A","N/A","N/A","N/A","08/01/2021",28,9,0,0
"https://amazon.com/dp/B09GK1HRSH","B09GK1HRSH","Layboo 300ml Glass Soap Dispenser Set with Tray/Soap Dish , Decorative Liquid Soap & Lotion Dispenser Hand Soap Dispenser, for Kitchen or Bathroom Countertops","Layboo","FBM","Home & Kitchen",8169556,"Countertop Soap Dispensers",38.89,"N/A",0,,0,"N/A","N/A","Layboo",1,"N/A","N/A","N/A","N/A","N/A","N/A","N/A","N/A","N/A","-","-",6,0,"N/A"
"https://amazon.com/dp/B07KXYTQZL","B07KXYTQZL","Rail19 Clear Dish Soap Dispenser Set - Laurel Hands + Dishes Soap Hand Soap Dispenser Set Perfect for Kitchen Sink, 16oz","Rail19","FBM","Home & Kitchen",1313139,"Soap Dishes",32.5,"N/A",1,60,32.5,354,4.7,"Rail19",1,28,-76,"Large Standard-Size",4,4,10,15,"N/A","N/A","07/01/2021",54,2,2,0
"https://amazon.com/dp/B098R4W9K2","B098R4W9K2","Soap dispensers Refillable Hand Soap Dispenser Hotel Bath Kitchen Soap Dispenser Set Resin Lotion Bottle Pump 300ml soap Dispenser Pump (Color : Brown, Size : A)","COTEN","FBM","Home & Kitchen",8561436,"Countertop Soap Dispensers",47.24,"N/A",0,,0,"N/A","N/A","Mooney department store",1,"N/A","N/A","N/A","N/A","N/A","N/A","N/A","N/A","N/A","-","-",7,0,"N/A"
"https://amazon.com/dp/B0BBZYTYFT","B0BBZYTYFT","GAOHANG Dish Soap Dispenser for Kitchen Sink,Glass Hand Soap Dispenser Set for Bathroom, Dishwasher Soap Dispenser with Pump, Home Farmhouse Kitchen Decor (Black＆Black)","GAOHANG","FBA","Home & Kitchen",198204,"Bath",31.99,-5,277,-82,8861.23,128,4.5,"GaoHangMaoyi",2,"N/A","N/A","Large Standard-Size",4.02,7.52,8.03,1.57,96.84,336.84,"03/01/2023",9,7,4,2.16
"https://amazon.com/dp/B0BXX99V63","B0BXX99V63","BosilunLife Kitchen Soap Dispenser Set 17oz Wheat Straw Hand and Dish Soap Dispenser for Kitchen Sink with Tray Refillable Hand Soap Dispenser with 4Pcs Stickers Farmhouse Kitchen Decor Accessories","BosilunLife","FBA","Home & Kitchen",964370,"Bath",32.99,-17,5,,164.95,10,4.3,"BosilunLife",1,"N/A","N/A","Large Standard-Size",3.74,7.17,9.72,0.93,104.08,362.01,"05/01/2023",1,6,0,0.5
"https://amazon.com/dp/B0B2KRT937","B0B2KRT937","MaisoNovo Glass Soap Dispenser with Pump | Vintage Soap Dispenser Bathroom and Kitchen Soap Dispenser Set with Dish Soap, Hand Soap, Lotion Waterproof Labels | White Bottles Gold Pumps - Set of 2","MAISONOVO","FBA","Home & Kitchen",8972,"N/A",39.7,4,3217,-66,127714.9,1762,4.3,"MaisoNovo",1,64774,"N/A","Large Standard-Size",4.8,8.66,9.92,3.17,164.66,572.71,"01/01/2023",13,7,6,1.83
"https://amazon.com/dp/B0B2KNL9P3","B0B2KNL9P3","MaisoNovo Glass Soap Dispenser with Pump | Vintage Soap Dispenser Bathroom and Kitchen Soap Dispenser Set with Dish Soap, Hand Soap, Lotion Waterproof Labels | White Bottles Black Pumps - Set of 2","MAISONOVO","FBA","Home & Kitchen",7846,"N/A",39.7,6,2999,-70,119060.3,1762,4.3,"MaisoNovo",1,"N/A","N/A","Large Standard-Size",4.8,8.62,10.08,3.02,166.54,579.26,"01/01/2023",13,7,6,1.7
"https://amazon.com/dp/B0B2KQ7FRW","B0B2KQ7FRW","MaisoNovo Glass Soap Dispenser with Pump | Vintage Soap Dispenser Bathroom and Kitchen Soap Dispenser Set with Dish Soap, Hand Soap, Lotion Waterproof Labels | White Bottles Silver Pumps - Set of 2","MAISONOVO","FBA","Home & Kitchen",8377,"Countertop Soap Dispensers",39.7,6,2961,-70,117551.7,1762,4.3,"MaisoNovo",1,58068,"N/A","Large Standard-Size",4.76,8.62,10.24,3.19,167.88,583.94,"01/01/2023",13,7,6,1.68
"https://amazon.com/dp/B097MZB86N","B097MZB86N","MaisoNovo Glass Soap Dispenser with Pump | Vintage Soap Dispenser Bathroom and Kitchen Soap Dispenser Set with Dish Soap, Hand Soap, Lotion Waterproof Labels | Amber Bottles Black Pumps - Set of 2","MAISONOVO","FBA","Home & Kitchen",7846,"Countertop Soap Dispensers",39.7,5,2833,-72,112470.1,1764,4.3,"MaisoNovo",1,69992,"N/A","Large Standard-Size",4.69,8.62,9.96,3.2,160.78,559.25,"02/01/2022",21,7,6,1.61
"https://amazon.com/dp/B09Y8W3538","B09Y8W3538","2 Pack Kitchen Soap Dispenser Set with Bamboo Tray, Glass Soap Dispenser Pump, Hand and Dish Soap Dispenser Set for Bathroom, Refillable Lotion Dispenser Sanitizer Shampoo Conditioner Labels (Black)","OPTVIT","FBA","Home & Kitchen",1838301,"Countertop Soap Dispensers",38.99,19,0,0,0,11,3.2,"bestiu",1,"N/A","N/A","Large Standard-Size",4.84,7.87,8.94,1.79,135.98,472.96,"09/01/2022",10,7,0,0
"https://amazon.com/dp/B0BYJ3T9MV","B0BYJ3T9MV","Kitchen Soap Dispenser Set with Ceramic Tray Stainless Steel Pump,16oz Glass Dish Soap Hand Soap Dispenser Modern Soap Dispenser Bathroom Set with Waterproof Labels (White Bottles +Gold Pumps)","Zouzuqife","FBA","Home & Kitchen",119591,"Countertop Soap Dispensers",32.99,18,54,,1781.46,28,4.6,"Zouzuqife",1,"N/A","N/A","Large Standard-Size",3.98,9.61,9.76,2.61,149.06,518.47,"06/01/2023",2,6,6,1.93
"https://amazon.com/dp/B009FBFOIS","B009FBFOIS","Kitchen Soap Dispenser Set with Ceramic Tray Stainless Steel Pump,16oz Glass Dish Soap Hand Soap Dispenser Modern Soap Dispenser Bathroom Set with Waterproof Labels (Amber Bottles +Gold Pumps)","Zouzuqife","FBA","Home & Kitchen",70964,"Countertop Soap Dispensers",32.99,46,43,-17,1418.57,28,4.6,"Zouzuqife",1,"N/A","N/A","Large Standard-Size",3.98,9.57,9.72,2.71,147.83,514.2,"03/01/2023",5,6,6,1.54
"https://amazon.com/dp/B0BLBW2T6X","B0BLBW2T6X","Volisnova Glass Soap Dispenser Set with Concrete Tray - Farmhouse Bathroom & Kitchen Soap Dispenser - Hand Soap, Dish Soap, Lotion Dispenser with Waterproof Labels (Amber Bottles with Copper Pumps)","Volisnova","FBA","Home & Kitchen",711554,"Countertop Soap Dispensers",31.9,-5,20,-74,638,11,4.6,"Volisnova",1,"N/A","N/A","Large Standard-Size",4.65,8.74,11.85,3.17,192.3,668.88,"04/01/2023",3,7,5,1.82
"https://amazon.com/dp/B0BL7FWCYW","B0BL7FWCYW","Volisnova Glass Soap Dispenser Set with Concrete Tray - Farmhouse Bathroom & Kitchen Soap Dispenser - Hand Soap, Dish Soap, Lotion Dispenser with Waterproof Labels (White Bottles with Gold Pumps)","Volisnova","FBA","Home & Kitchen",427100,"Countertop Soap Dispensers",31.9,-3,91,21,2902.9,15,4,"Volisnova",1,"N/A","N/A","Large Standard-Size",4.61,8.74,11.77,3.15,189.36,658.65,"05/01/2023",5,7,5,6.07
"https://amazon.com/dp/B0BL7VQF6L","B0BL7VQF6L","Volisnova Glass Soap Dispenser Set with Concrete Tray - Farmhouse Bathroom & Kitchen Soap Dispenser - Hand Soap, Dish Soap, Lotion Dispenser with Waterproof Labels (Clear Bottles with Gold Pumps)","Volisnova","FBA","Home & Kitchen",317343,"Countertop Soap Dispensers",31.9,-20,43,-3,1371.7,9,4.5,"Volisnova",1,"N/A","N/A","Large Standard-Size",4.65,8.78,12.05,3.2,196.44,683.29,"04/01/2023",5,7,5,4.78
"https://amazon.com/dp/B0BL7HR7JM","B0BL7HR7JM","Volisnova Glass Soap Dispenser Set with Concrete Tray - Farmhouse Bathroom & Kitchen Soap Dispenser - Hand Soap, Dish Soap, Lotion Dispenser with Waterproof Labels (White Bottles with Silver Pumps)","Volisnova","FBA","Home & Kitchen",185031,"Countertop Soap Dispensers",31.9,-18,77,66,2456.3,15,4,"Volisnova",1,"N/A","N/A","Large Standard-Size",4.57,8.66,11.93,3.09,188.53,655.76,"05/01/2023",5,7,5,5.13
"https://amazon.com/dp/B0BLBSQ9Y8","B0BLBSQ9Y8","Volisnova Glass Soap Dispenser Set with Concrete Tray - Farmhouse Bathroom & Kitchen Soap Dispenser - Hand Soap, Dish Soap, Lotion Dispenser with Waterproof Labels (Frosted Bottles with Black Pumps)","Volisnova","FBM","Home & Kitchen",277604,"Countertop Soap Dispensers",31.9,-10,83,54,2647.7,15,4,"Volisnova",1,"N/A","N/A","Large Standard-Size",4.61,8.7,11.73,3.06,"N/A","N/A","05/01/2023",5,7,5,5.53
"https://amazon.com/dp/B0BL873XF1","B0BL873XF1","Volisnova Glass Soap Dispenser Set with Concrete Tray - Farmhouse Bathroom & Kitchen Soap Dispenser - Hand Soap, Dish Soap, Lotion Dispenser with Waterproof Labels (Clear Bottles with Black Pumps)","Volisnova","FBA","Home & Kitchen",711554,"Countertop Soap Dispensers",31.9,-4,19,-72,606.1,11,4.6,"Volisnova",1,"N/A","N/A","Large Standard-Size",4.61,8.78,11.93,3.09,192.82,670.66,"04/01/2023",4,7,5,1.73
"https://amazon.com/dp/B082WGWW1M","B082WGWW1M","YBYB Soap Dispenser Square Soap Dispenser Hotel Kitchen Bathroom Dish soap Dispenser Bottle Shampoo Shower Gel Press Glass Lotion Bottle Set Lotion dispensers (Color : Purple)","YBYB","FBM","Home & Kitchen",7854893,"Countertop Soap Dispensers",32.64,"N/A",0,,0,"N/A","N/A","JINHEFU",1,"N/A","N/A","N/A",46.06,0.39,0.39,"N/A","N/A","N/A","-","-",6,0,"N/A"
"https://amazon.com/dp/B00I8PD8CQ","B00I8PD8CQ","Acrylic Twin Liquid Soap and Lotion Dispenser Set with Caddy - Double Soap Dispenser for Kitchen Sink - Clear Soap Dispenser for Bathroom, Shampoo, Conditioner, Body Wash","Huang Acrylic","FBA","Home & Kitchen",2473468,"Bath",42.99,7,0,0,0,33,3.6,"Authentic Discounts Inc.",1,2,-85,"Large Standard-Size",7.6,5.6,3,1.75,50.98,177.33,"06/01/2021",101,1,0,0
"https://amazon.com/dp/B0B6FLM3NS","B0B6FLM3NS","HvOvMvE 4 in 1 Dish Soap Dispenser Set and Mason Jar Soap and Lotion Dispenser Set (Black) for Kitchen Bathroom","HvOvMvE","FBA","Home & Kitchen",2824686,"Countertop Soap Dispensers",43.99,"N/A",2,233,87.98,"N/A","N/A","HvOvMvE",0,"N/A","N/A","N/A","N/A","N/A","N/A","N/A","N/A","N/A","05/01/2023",11,9,0,"N/A"
"https://amazon.com/dp/B0BLBW2S9X","B0BLBW2S9X","Volisnova Glass Soap Dispenser Set with Concrete Tray - Farmhouse Bathroom & Kitchen Soap Dispenser - Hand Soap, Dish Soap, Lotion Dispenser with Waterproof Labels (Amber Bottles with Gold Pumps)","Volisnova","FBA","Home & Kitchen",711554,"Countertop Soap Dispensers",31.9,-5,20,-74,638,11,4.6,"Volisnova",1,"N/A","N/A","Large Standard-Size",4.57,8.78,11.85,3.13,189.86,660.38,"04/01/2023",4,7,5,1.82
"https://amazon.com/dp/B0BLCWT8FG","B0BLCWT8FG","Volisnova Glass Soap Dispenser Set with Concrete Tray - Farmhouse Bathroom & Kitchen Soap Dispenser - Hand Soap, Dish Soap, Lotion Dispenser with Waterproof Labels (Black Bottles with Gold Pumps)","Volisnova","FBM","Home & Kitchen",427100,"Countertop Soap Dispensers",31.9,-3,91,21,2902.9,15,4,"Volisnova",1,"N/A","N/A","Large Standard-Size",4.65,8.74,11.89,3.26,"N/A","N/A","05/01/2023",5,7,5,6.07
"https://amazon.com/dp/B0BLCRF1L3","B0BLCRF1L3","Volisnova Glass Soap Dispenser Set with Concrete Tray - Farmhouse Bathroom & Kitchen Soap Dispenser - Hand Soap, Dish Soap, Lotion Dispenser with Waterproof Labels (Amber Bottles with Black Pumps)","Volisnova","FBA","Home & Kitchen",682837,"Countertop Soap Dispensers",31.9,-5,20,-74,638,11,4.6,"Volisnova",1,"N/A","N/A","Large Standard-Size",4.61,8.78,11.73,3.15,189.58,659.42,"04/01/2023",5,7,5,1.82
"https://amazon.com/dp/B0BL7JR1K5","B0BL7JR1K5","Volisnova Glass Soap Dispenser Set with Concrete Tray - Farmhouse Bathroom & Kitchen Soap Dispenser - Hand Soap, Dish Soap, Lotion Dispenser with Waterproof Labels (White Bottles with Black Pumps)","Volisnova","FBA","Home & Kitchen",427100,"Countertop Soap Dispensers",31.9,-4,89,28,2839.1,15,4,"Volisnova",1,"N/A","N/A","Large Standard-Size",4.61,8.7,11.81,3.13,189.14,657.87,"05/01/2023",5,7,5,5.93
"https://amazon.com/dp/B0B6HVRCF7","B0B6HVRCF7","HvOvMvE 4 in 1 Dish Soap Dispenser Set and Mason Jar Soap and Lotion Dispenser Set （Silver） for Kitchen Bathroom","HvOvMvE","FBA","Home & Kitchen",2478417,"Countertop Soap Dispensers",42.99,"N/A",4,,171.96,"N/A","N/A","HvOvMvE",0,"N/A","N/A","N/A","N/A","N/A","N/A","N/A","N/A","N/A","05/01/2023","-",9,0,"N/A"
"https://amazon.com/dp/B08YX5HKCS","B08YX5HKCS","Kitchen soap Dispenser Natural Marble Soap Dispenser Green Lotion Dispenser with Copper Pump Luxury Bathroom Accessories Bath Set for Bathroom 3.3oz soap Pump (Color : Tumbler)","WUHE","FBM","Home & Kitchen",6526534,"Countertop Soap Dispensers",65.65,"N/A",0,,0,"N/A","N/A","JIEJIEBOBO",1,"N/A","N/A","N/A","N/A","N/A","N/A","N/A","N/A","N/A","-","-",7,0,"N/A"
"https://amazon.com/dp/B093R7TV3G","B093R7TV3G","BUYT Bathroom Soap Dispenser Set Soap Dispenser Bottles Ceramic Soap Dispenser for Bathroom Kitchen Countertop Durable Liquid Bottle with Silver Stainless Steel Pump (Color : Green)","BUYT","FBM","Home & Kitchen",8395207,"Countertop Soap Dispensers",36.99,"N/A",0,0,0,"N/A","N/A","junboyaojianshe",1,"N/A","N/A","N/A","N/A","N/A","N/A","N/A","N/A","N/A","-",26,7,2,"N/A"
"https://amazon.com/dp/B0B96VM48G","B0B96VM48G","Soap Dispenser for Bathroom Mosaic Bathroom Accessories Set - 6 Pieces Ceramic Bath Accessory Sets Soap Dispenser Toothbrush Holder Mouthwash Cup Soap Dish and Tray, Gold Rim Kitchen Soap Dispenser","TOMYEUS","FBM","Home & Kitchen",6382791,"Countertop Soap Dispensers",131.25,"N/A",0,,0,"N/A","N/A","liujinegmg",1,"N/A","N/A","N/A","N/A","N/A","N/A","N/A","N/A","N/A","04/01/2023","-",6,0,"N/A"
"https://amazon.com/dp/B0BNGC1MB6","B0BNGC1MB6","Soap Dispenser for Kitchen Precision Lever Ceramics Push Soap Pump Cute Cat Children's Bathroom Shower Gel Lotion Bottle Large Capacity Soap Dispenser 500ml/16.9 Ounce Bathroom Soap Dispenser Set ( Co","CIMONS","FBM","Home & Kitchen",7087808,"Countertop Soap Dispensers",31.95,"N/A",0,0,0,"N/A","N/A","Mona Department Store",1,"N/A","N/A","N/A","N/A","N/A","N/A","N/A","N/A","N/A","-",7,6,0,"N/A"
"https://amazon.com/dp/B09DY8D9LR","B09DY8D9LR","3-Chamber Soap & Shampoo Shower Dispenser, 3x500ml Shampoo Conditioner Dispenser Wall-Mounted Liquid Soap Shower Dispenser Set for Bathroom Kitchen Hotel (Black)","DNYSYSJ","FBM","Home & Kitchen",4095802,"Shower Dispensers",39.89,1,0,0,0,2,5,"YBkagut",1,"N/A","N/A","N/A","N/A","N/A","N/A","N/A","N/A","N/A","09/01/2021",22,8,2,0
"https://amazon.com/dp/B09DY732Q5","B09DY732Q5","3-Chamber Soap & Shampoo Shower Dispenser, 3x500ml Shampoo Conditioner Dispenser Wall-Mounted Liquid Soap Shower Dispenser Set for Bathroom Kitchen Hotel (White)","DNYSYSJ","FBM","Home & Kitchen",4094131,"Shower Dispensers",39.89,1,0,0,0,2,5,"YBkagut",1,"N/A","N/A","N/A","N/A","N/A","N/A","N/A","N/A","N/A","-","-",7,2,0
"https://amazon.com/dp/B0BKFP4VMK","B0BKFP4VMK","BZOOSIU Hand Soap Dispenser with Tray, Gold Pump Bathroom and Kitchen Glass Soap Dispenser Set with Dish Soap, Hand Soap, Lotion Waterproof Label, Brown Bottle","BZOOSIU","FBA","Home & Kitchen",688030,"Countertop Soap Dispensers",32.79,"N/A",4,43,107.96,90,4.2,"Bzoosiu home",1,"N/A","N/A","Large Standard-Size",4.02,8.35,10,1.96,133.84,465.52,"06/01/2023",3,7,4,0.04
"https://amazon.com/dp/B08XPS83PJ","B08XPS83PJ","OMAIA Kitchen Soap Dispenser Set & Modern Refillable Pump Press Bottle","OMAIA","FBA","Home & Kitchen",3633886,"Countertop Soap Dispensers",34.99,"N/A",1,0,34.99,5,4.6,"OMAIA",0,1,-94,"N/A","N/A","N/A","N/A","N/A","N/A","N/A","08/01/2021",28,9,0,0.2
"https://amazon.com/dp/B08TT5YDTV","B08TT5YDTV","Rail19 Black Label Basics Clear Glass Kitchen Dish Soap & Hand Soap Dispenser Set, 16oz","Rail19","FBM","Home & Kitchen",4441111,"Countertop Soap Dispensers",34.5,"N/A",0,0,0,"N/A","N/A","Rail19",1,1,"N/A","Large Standard-Size",10,7,4.75,15,"N/A","N/A","03/01/2023",27,6,2,"N/A"
"https://amazon.com/dp/B0BKP5VJQ8","B0BKP5VJQ8","Glass Kitchen Soap Dispenser Set, Hand and Dish Soap Dispenser, Farmhouse Bathroom Dispenser for Shower Soap Lotion, Modern Bottles with Black Stainless Pump Bamboo Tray Waterproof Labels","Rrwin","FBA","Home & Kitchen",395163,"Countertop Soap Dispensers",30.99,37,183,268,5671.17,131,4.5,"Olegive",1,"N/A","N/A","Large Standard-Size",3.58,7.24,7.68,1.61,79.49,276.47,"06/01/2023",6,7,6,1.4
"https://amazon.com/dp/B0BKNZ9V59","B0BKNZ9V59","Glass Kitchen Soap Dispenser Set, Hand and Dish Soap Dispenser, Farmhouse Bathroom Dispenser for Shower Soap Lotion, Modern Bottles with Gold Stainless Pump Bamboo Tray Waterproof Labels","Rrwin","FBA","Home & Kitchen",404837,"Countertop Soap Dispensers",30.99,37,183,268,5671.17,132,4.5,"Olegive",1,"N/A","N/A","Large Standard-Size",7.5,7,3.5,1.63,73.37,255.21,"06/01/2023",6,7,6,1.39
"https://amazon.com/dp/B09MB88YHP","B09MB88YHP","Crocon White Marble Soap Dispenser Refillable Dispenser for Liquid Soap Lotion Dispenser Bottle Golden Pump Dispenser for Kitchen & Bathroom Decor Countertop Accessory Set, Size - 2.7X2.7X7 Inch","Crocon","FBA","Home & Kitchen",1041011,"Countertop Soap Dispensers",34.99,-7,1,-125,34.99,1,1,"CROCON TECHNOLOGIES",1,32,"N/A","Large Standard-Size",3.86,3.9,7.68,2.31,46.17,160.58,"03/01/2022",17,9,0,1
"https://amazon.com/dp/B0BPZYH94G","B0BPZYH94G","Glass Soap Dispenser Set for Bathroom or Kitchen - White/Black Hand and Dish Soap Dispenser Set for Hand Soap, Dish Soap, Lotion, & More - Amber Glass Bottles with Concrete Tray, Pumps, & Labels","Jersey Moon","FBA","Home & Kitchen",229238,"Countertop Soap Dispensers",36.99,58,98,,3625.02,18,4.3,"Jersey Moon",1,"N/A","N/A","Large Standard-Size",4.96,12.13,12.71,3.4,305.35,1062.08,"05/01/2023",2,7,0,5.44
"https://amazon.com/dp/B0B1LWVY98","B0B1LWVY98","CAAS White Bathroom Accessories Set : Ceramic Bathroom Soap Dispenser Set, Lotion Soap Dispenser, 2 Tumbler Cup, Soap Dish - Kitchen and Bathroom Home Decor, Countertop Vanity Organize-(White)","CAAS","FBA","Home & Kitchen",755097,"Bathroom Accessory Sets",32.99,-11,12,700,323.88,45,4.7,"CAAR",1,116,"N/A","Large Standard-Size",5.47,10.04,11.02,3.22,241.66,840.56,"10/01/2022",12,5,6,0.27
"https://amazon.com/dp/B09YDD48BZ","B09YDD48BZ","YIFAN Wood Soap Dispenser Set of 3 Liquid Soap Dispenser Lotion Dispenser Bottle with 304 Stainless Steel Pump Wood Soap Bottle for Kitchen Sink Bathroom Washroom(6.8oz/pc) Gift","YIFAN","FBA","Home & Kitchen",2015081,"Bath",49.99,-12,1,33,49.99,7,4.7,"YIFAN Wooden",1,"N/A","N/A","Large Standard-Size",5.79,7.36,10.63,1.98,180.88,629.15,"09/01/2022",12,7,0,0.14
"https://amazon.com/dp/B0BX87NWPB","B0BX87NWPB","Langley Glass Soap Dispenser with Pump and Marble Tray Vintage Soap Dispenser Bathroom & Kitchen Set Dish Soap, Hand Soap, Lotion Waterproof Labels (White Black Bottles with Black Pumps)","Langley","FBM","Home & Kitchen",178899,"Countertop Soap Dispensers",32.99,-15,159,-16,5245.41,39,4.1,"LiEn0769",1,"N/A","N/A","Large Standard-Size",4.49,8.7,10.47,2.6,"N/A","N/A","01/01/2023",2,7,5,4.08
"https://amazon.com/dp/B0BX83LPGV","B0BX83LPGV","Langley Glass Soap Dispenser with Pump and Marble Tray Vintage Soap Dispenser Bathroom & Kitchen Set Dish Soap, Hand Soap, Lotion Waterproof Labels (White Bottles with Brushed Nickel Pumps)","Langley","FBA","Home & Kitchen",178899,"Countertop Soap Dispensers",36.99,-8,159,-16,5881.41,"N/A","N/A","LiEn0769",1,"N/A","N/A","Large Standard-Size",4.53,9.17,10.87,2.6,180.3,627.14,"01/01/2023",2,7,5,"N/A"
"https://amazon.com/dp/B0BR6M8SWM","B0BR6M8SWM","Delimux Ceramic Glass Soap Dispenser with Wood Riser Set Farmhouse Wooden Tray Hand Soap and Dish Soap Dispenser for Home Kitchen and Bathroom Decor (Silver Pump)","Delimux","FBA","Home & Kitchen",110588,"Countertop Soap Dispensers",49.99,17,256,,11773.44,7,4.8,"Delimux Store",1,"N/A","N/A","Large Standard-Size",5.35,9.69,14.57,2.98,301.61,1049.07,"05/01/2023",2,8,2,36.57
"https://amazon.com/dp/B09MB754CR","B09MB754CR","Crocon Marble Soap Dispenser for Bathroom & Kitchen Decoration Golden Pump Dispenser Bottle for Liquid Soap Lotions Sanitizer Oil & Lotion Dispenser Great Gift Set Size- 2.7X2.7X7 Inch","Crocon","FBA","Home & Kitchen",954153,"Countertop Soap Dispensers",34.99,-8,1,-121,34.99,9,2.9,"CROCON TECHNOLOGIES",1,14,"N/A","Large Standard-Size",3.86,3.86,7.99,2.47,47.54,165.34,"02/01/2022",17,9,0,0.11
"https://amazon.com/dp/B0B3MZGJW9","B0B3MZGJW9","Milltrip Soap Container Set, Liquid Soap Dispenser Wall Mounted Shampoo Shower Gel Container for Bathroom Kitchen","Milltrip","FBA","Home & Kitchen",7321775,"Countertop Soap Dispensers",39.19,9,0,0,0,"N/A","N/A","Foiaog-US",2,"N/A","N/A","Large Standard-Size",3.7,6.5,11.3,2.23,108.47,377.28,"10/01/2022",10,9,0,"N/A"
"https://amazon.com/dp/B0BKQB7XVK","B0BKQB7XVK","Langley 2 Pack Glass Soap Dispenser with Pump and Marble Tray Vintage Soap Dispenser Bathroom & Kitchen Set Dish Soap, Hand Soap, Lotion Waterproof Labels White Bottles with Gold Pumps","Langley","FBA","Home & Kitchen",178899,"Countertop Soap Dispensers",32.99,-6,160,-16,5438.4,39,4.1,"LiEn0769",1,"N/A","N/A","Large Standard-Size",4.69,9.09,10.79,2.69,183.68,638.89,"01/01/2023",7,7,5,4.1
"https://amazon.com/dp/B0BKQ8LHTD","B0BKQ8LHTD","Langley 2 Pack Glass Soap Dispenser with Pump and Marble Tray Vintage Soap Dispenser Bathroom & Kitchen Set Dish Soap, Hand Soap, Lotion Waterproof Labels White Bottles with Black Pumps","Langley","FBA","Home & Kitchen",178899,"Countertop Soap Dispensers",35.99,-8,159,-16,5722.41,39,4.1,"LiEn0769",1,"N/A","N/A","Large Standard-Size",4.69,9.06,10.83,2.67,183.75,639.14,"01/01/2023",7,7,5,4.08
"https://amazon.com/dp/B0BR6L85XQ","B0BR6L85XQ","Delimux Ceramic Glass Soap Dispenser with Wood Riser Set Farmhouse Wooden Tray Hand Soap and Dish Soap Dispenser for Home Kitchen and Bathroom Decor (Black Pump)","Delimux","FBM","Home & Kitchen",397675,"Countertop Soap Dispensers",37.99,5,217,,8243.83,10,4.6,"Delimux Store",1,"N/A","N/A","Large Standard-Size",5.31,9.69,14.57,3.09,"N/A","N/A","06/01/2023",2,8,2,21.7
"https://amazon.com/dp/B0BR7FWNY6","B0BR7FWNY6","Halomoon Glass Soap Dispenser with Riser 16.9 OZ Hand Dish Soap Dispenser with Pump for Farmhouse Home Kitchen and Bathroom Decor Hand Dish Soap Dispenser Set (Black Bottle with Black Pump)","Halomoon","FBM","Home & Kitchen",112560,"Countertop Soap Dispensers",35.99,-3,306,,11012.94,33,4.9,"HALOMOON FLAGSHIP STORE",1,"N/A","N/A","Large Standard-Size",7.17,9.41,10.79,2.51,"N/A","N/A","05/01/2023",2,8,7,9.27
"https://amazon.com/dp/B0B9X6XWWG","B0B9X6XWWG","Glass Soap Dispenser Set for Kitchen Hand Soap Dish Soap, Bathroom Shampoo Conditioner Dispenser for Shower Soap Lotion, Modern Pump Bottles with Black&Gold Stainless Pump Wood Tray Waterproof Labels","Rrwin","FBA","Home & Kitchen",345718,"Countertop Soap Dispensers",30.99,42,184,242,5702.16,132,4.5,"Olegive",1,"N/A","N/A","Large Standard-Size",4.13,8.5,9.96,1.98,139.62,485.62,"03/01/2023",9,7,6,1.39
"https://amazon.com/dp/B0B9X4WWTK","B0B9X4WWTK","Glass Soap Dispenser Set for Kitchen Hand Soap Dish Soap, Bathroom Shampoo Conditioner Dispenser for Shower Soap Lotion, Modern Pump Bottles with Black&Gold Stainless Pump Wood Tray Waterproof Labels","Rrwin","FBA","Home & Kitchen",416732,"Countertop Soap Dispensers",30.99,3,183,268,5671.17,132,4.5,"Olegive",1,"N/A","N/A","Large Standard-Size",4.17,8.5,10.04,1.98,142.1,494.26,"06/01/2023",10,7,6,1.39
"https://amazon.com/dp/B09LS2W3JG","B09LS2W3JG","ZDBH Bathroom Storage Rack Bathroom Hardware Set, Gold Soap Dispenser, Toothbrush Holder, Cotton Swab Box for Dorm, Bath, Kitchen (Color : Soap Dispenser B)","ZDBH","FBM","Home & Kitchen",5965878,"Bathroom Accessory Sets",99.93,2,0,0,0,"N/A","N/A","zhedoubaihuodian",1,"N/A","N/A","N/A","N/A","N/A","N/A","N/A","N/A","N/A","-",9,4,13,"N/A"
"https://amazon.com/dp/B0BNFRXTZR","B0BNFRXTZR","Soap Dispenser for Kitchen White Ceramics and Green Plant Pattern Bathroom Vanity Countertop Accessory Set - Includes Soap Dispenser Pump, Toothbrush Holder, Tumbler Rinsing Cup, Soap Dish - 5 Pieces","CIMONS","FBM","Home & Kitchen",6923630,"Bathroom Accessory Sets",103.37,"N/A",0,0,0,"N/A","N/A","Mona Department Store",1,"N/A","N/A","N/A","N/A","N/A","N/A","N/A","N/A","N/A","-","-",6,0,"N/A"
"https://amazon.com/dp/B09HC9FNMR","B09HC9FNMR","Magnitt 13.5 Oz Ceramics Creative Countertop Soap Dispensers with Pump, Refillable Hand Soap Dispenser, Premium Lotion Soap Dispenser for Bathroom, Kitchen, Bedroom, Vanity (Silver,2PC Set with Tray)","Magnitt","FBA","Home & Kitchen",502081,"Countertop Soap Dispensers",38.99,266,24,-51,935.76,23,4.4,"hafier",1,283,"N/A","Large Standard-Size",4.06,7.83,11.54,1.69,146.34,509.01,"04/01/2023",18,7,4,1.04
"https://amazon.com/dp/B0BHN94Q7H","B0BHN94Q7H","GMISUN Kitchen Soap Dispenser Set, Hand and Dish Soap Dispenser Set with Ceramic Tray & Bamboo Dish Brush, 2 Pack 16 Oz White Glass Liquid Pump Bottle, Modern Farmhouse Refillable Dish Soap Bottle","GM GMISUN","FBA","Home & Kitchen",813472,"Countertop Soap Dispensers",31.99,-3,4,-116,127.96,14,4.3,"GMISUN",1,"N/A","N/A","Large Standard-Size",5.04,8.23,11.61,3.11,192.29,668.85,"01/01/2023",6,8,0,0.29
"https://amazon.com/dp/B0B1HZPG6R","B0B1HZPG6R","2 Pack Blue Glass Soap Dispenser with Pump and Tray, Oakland Dish and Hand Soap Dispenser Set for Bathroom and Kitchen Vintage Bottle Dispenser with Waterproof Labels for Shampoo Lotion","Oakland","FBA","Home & Kitchen",625349,"Countertop Soap Dispensers",35.99,-10,10,-87,359.9,41,4.6,"Oakland Direct Store",1,"N/A","N/A","Large Standard-Size",4.37,8.46,9.02,2.29,133.16,463.15,"12/01/2022",10,9,3,0.24
"https://amazon.com/dp/B083LGWRGH","B083LGWRGH","Dispenser Pump Bottle for Kitchen and Bathroom Dark Blue Gold Edge Ceramic Bathroom Accessories Supplies Six-piece Set Containing Soap Dispenser Mouthwash Cup Toothbrush Holder Soap Box and Tray Soap","NYKK","FBM","Home & Kitchen",5444004,"Bathroom Accessory Sets",128.97,-2,0,,0,"N/A","N/A","shuoshuangbaihudian",3,"N/A","N/A","N/A","N/A","N/A","N/A","N/A","N/A","N/A","-",1,6,0,"N/A"
"https://amazon.com/dp/B09R46MBYW","B09R46MBYW","16Oz Soap Dispenser with Rust Proof Stainless Steel Pump, for Kitchen(4PC),Rustic Farmhouse Decor+Mason Jar Bathroom Accessories Set(4PC) - Soap Dispenser&Qtip Holder Set&Toothbrush Holder,Brown","Amolliar","FBA","Home & Kitchen",2160634,"Countertop Soap Dispensers",37.7,"N/A",3,-100,113.1,"N/A","N/A","Amolliar Direct",0,12,"N/A","N/A","N/A","N/A","N/A","N/A","N/A","N/A","03/01/2022",17,9,0,"N/A"
"https://amazon.com/dp/B099PPY941","B099PPY941","Liquid Hand Soap Dispenser for Bathroom Lovely Panda and Bamboo Bathroom Accessories Set of 5 Pcs Children's Bathroom Accessories Set Tumbler, Tooth Brush Holder and Soap Dispenser Premium Kitchen Soa","liushop","FBM","Home & Kitchen",6351061,"Bathroom Accessory Sets",150.16,"N/A",1,,150.16,"N/A","N/A","zhuanchaoshop",1,"N/A","N/A","N/A","N/A","N/A","N/A","N/A","N/A","N/A","06/01/2023","-",6,0,"N/A"
"https://amazon.com/dp/B0BG67TDFX","B0BG67TDFX","FEECHO Soap Dispenser Set - Glass Hand and Dish Soap Dispenser, with Wood Tray Stainless Steel Pump & Waterproof Labels for Kitchen & Bathroom Decor Minimalist Style-16Oz (White & Black)","FEECHO","FBM","Home & Kitchen",2412119,"Countertop Soap Dispensers",32.99,"N/A",0,0,0,32,4.3,"US-feechoclark",1,"N/A","N/A","Large Standard-Size",8.2,4.3,7.6,1.94,"N/A","N/A","02/01/2023",8,7,4,0
"https://amazon.com/dp/B0B7F71KJR","B0B7F71KJR","HvOvMvE Silicone Sink Tray (White) and Mason Jar Soap Dispenser Set (Black) for Kitchen Bathroom","HvOvMvE","FBA","Home & Kitchen",6865704,"Bath",35.99,"N/A",0,0,0,"N/A","N/A","HvOvMvE",0,"N/A","N/A","N/A","N/A","N/A","N/A","N/A","N/A","N/A","-",11,9,0,"N/A"
"https://amazon.com/dp/B07JP5R8R3","B07JP5R8R3","Rail19 Vintage Clear Kitchen Dish + Hand Soap Dispenser Set with Black Metal Stand - Perfect for Kitchen Sink, 16oz","Rail19","FBM","Home & Kitchen",946354,"Soap Dishes",32.5,"N/A",2,33,65,191,4.7,"Rail19",1,58,-79,"N/A","N/A","N/A","N/A","N/A","N/A","N/A","09/01/2021",55,5,0,0.01
"https://amazon.com/dp/B095S8NN72","B095S8NN72","zhanwang Gray Granite 4-Piece Bathroom Set Bathroom Accessories, Including soap Dispenser, Toothbrush Holder, soap Box, Toothbrush Cup, Kitchen Decoration, etc. (Gray-Lotion Bottle, soap Dish)","zhanwang","FBM","Home & Kitchen",5125128,"Bathroom Accessory Sets",30.09,"N/A",0,0,0,1,4,"ZhanWang Home",1,"N/A","N/A","N/A","N/A","N/A","N/A","N/A","N/A","N/A","11/01/2021",25,1,8,0
"https://amazon.com/dp/B08XC2BNQJ","B08XC2BNQJ","Ikea TSSP Set of Kitchen Utensil Rack/Plate Holder/Soap Dispenser/Dish Drainer Double Sided, Black","Ikea","FBM","Kitchen & Dining",1602884,"Dish Racks",65,"N/A",0,0,0,"N/A","N/A","INDIAN BLESSING",1,"N/A","N/A","Small Oversize",5.16,16.06,17.13,2.14,"N/A","N/A","-",26,3,0,"N/A"
"https://amazon.com/dp/B0BG68953Q","B0BG68953Q","FEECHO Soap Dispenser Set - Glass Hand And Dish Soap Dispenser, With Wood Tray Stainless Steel Pump & Waterproof Labels For Kitchen & Bathroom Decor Minimalist Style-16Oz (White Bottles & White Pumps)","FEECHO","FBM","Home & Kitchen",2412119,"Countertop Soap Dispensers",32.99,"N/A",0,0,0,32,4.3,"US-feechoclark",1,"N/A","N/A","Large Standard-Size",4.49,7.68,8.27,2.03,"N/A","N/A","02/01/2023",9,7,4,0
"https://amazon.com/dp/B0969GGRCC","B0969GGRCC","LUOWAN Bathroom Shower Dispensers Wall Mount Soap Gel Shampoo Conditioner 3x350ml ABS Dispenser Silver Hand Soap Set for Kitchen Home Hotel Chamber","LUOWAN","FBA","Home & Kitchen",1256008,"Shower Dispensers",31.99,-30,2,-56,63.98,108,3.9,"Aotai lighting",1,161,"N/A","Large Standard-Size",3.27,8.15,8.9,1.91,94.62,329.1,"03/01/2022",23,3,2,0.02
"https://amazon.com/dp/B095S6L89M","B095S6L89M","zhanwang Gray Granite 4-Piece Bathroom Set Bathroom Accessories, Including soap Dispenser, Toothbrush Holder, soap Box, Toothbrush Cup, Kitchen Decoration, etc. (gray-4-piece Set)","zhanwang","FBM","Home & Kitchen",5125282,"Bathroom Accessory Sets",76.9,"N/A",0,0,0,1,4,"ZhanWang Home",1,"N/A","N/A","N/A","N/A","N/A","N/A","N/A","N/A","N/A","11/01/2021",25,5,8,0
"https://amazon.com/dp/B092ZD2FNY","B092ZD2FNY","Sink Kitchen Stainless Steel Single, for Undermount/Topmount and Flushmount Installation, with Faucet and Soap Dispenser Set","Sink","FBM","Tools & Home Improvement",2064305,"Single Bowl",200.92,"N/A",0,0,0,"N/A","N/A","TIANTA",1,1,"N/A","N/A","N/A","N/A","N/A","N/A","N/A","N/A","03/01/2023",26,8,12,"N/A"
"https://amazon.com/dp/B092ZD7Q2V","B092ZD7Q2V","Sink Kitchen Stainless Steel Single, for Undermount/Topmount and Flushmount Installation, with Faucet and Soap Dispenser Set","Sink","FBM","Tools & Home Improvement",2064239,"Single Bowl",254.77,"N/A",0,0,0,"N/A","N/A","TIANTA",1,1,"N/A","N/A","N/A","N/A","N/A","N/A","N/A","N/A","03/01/2023",26,8,12,"N/A"
"https://amazon.com/dp/B07LC81RRC","B07LC81RRC","Built in Soap Dispenser for Kitchen Sink,Stainless Steel (Copper), Pump Set for Dish Soap or Lotion, Refill from The Top, for CounterTop","Kimi Cuisine","FBA","Tools & Home Improvement",6755,"Built In Soap Dispensers",34.99,"N/A",967,-46,33835.33,8917,4.6,"Kimi Trade Store",1,18783,-31,"Large Standard-Size",2.9,5.5,9.1,1.2,57.96,201.59,"09/01/2021",52,7,9,0.11
"https://amazon.com/dp/B092ZD4XTY","B092ZD4XTY","Sink Kitchen Stainless Steel Single, for Undermount/Topmount and Flushmount Installation, with Faucet and Soap Dispenser Set","Sink","FBM","Tools & Home Improvement",2064239,"Single Bowl",190.15,"N/A",0,0,0,"N/A","N/A","TIANTA",1,1,"N/A","N/A","N/A","N/A","N/A","N/A","N/A","N/A","03/01/2023",26,8,12,"N/A"
"https://amazon.com/dp/B091B16HYM","B091B16HYM","zhanwang Bathroom decor4-piece Set Bathroom Accessories Including soap Dispenser Toothbrush Holder soap Box Toothbrush Cup Grey Sand Granite Washstand Kitchen Decoration etc (Gray)","zhanwang","FBM","Home & Kitchen",5125128,"Bathroom Accessory Sets",46.9,"N/A",0,0,0,1,4,"ZhanWang Home",1,"N/A","N/A","N/A","N/A","N/A","N/A","N/A","N/A","N/A","11/01/2021",27,6,8,0
"https://amazon.com/dp/B09KDV5Z77","B09KDV5Z77","Barnyard Designs Ceramic Kitchen Bundle, Hands and Dishes Soap Dispenser Set, Spoon Rest, Salt and Pepper Shaker Set, Decorative Kitchenware, Farmhouse Kitchen Decor, White","Barnyard Designs","FBA","Kitchen & Dining",1514438,"Spoon Rests",42.95,"N/A",0,-150,0,"N/A","N/A","Barnyard Designs USA",0,1,"N/A","N/A","N/A","N/A","N/A","N/A","N/A","N/A","03/01/2023",20,8,0,"N/A"
"https://amazon.com/dp/B09KF5QQLV","B09KF5QQLV","Barnyard Designs Ceramic Kitchen Bundle, Hands and Dishes Soap Dispenser Set, Spoon Rest, Utensil Holder, Decorative Kitchenware, Farmhouse Kitchen Decor, White","Barnyard Designs","FBA","Kitchen & Dining",1055156,"Spoon Rests",49.95,"N/A",1,-117,49.95,"N/A","N/A","Barnyard Designs USA",0,2,"N/A","N/A","N/A","N/A","N/A","N/A","N/A","N/A","03/01/2023",20,9,0,"N/A"
"https://amazon.com/dp/B0BL7C4VDK","B0BL7C4VDK","JDHEXY Bathroom Accessories Set,Bathroom Decor with Soap Dispenser,Toothbrush Holder,Glass Qtip Holder,Vanity Tray,Soap Dish for Kitchen,Bathroom Organizer Countertop (Black)","JDHEXY","FBM","Home & Kitchen",110546,"Bathroom Accessory Sets",37.99,1,267,47,10143.33,51,4.5,"JINDA22",1,"N/A","N/A","Large Standard-Size",5.98,8.15,10.63,4.25,"N/A","N/A","06/01/2023",7,7,2,5.24
"https://amazon.com/dp/B09YM5FJ8V","B09YM5FJ8V","Crocon Marble Soap Dispenser Bottle for Lotion Shampoo Dispenser with Inlay Work and Extra Stainless Golden Pump Dispenser for Bathroom & Kitchen Decoration and Best Gift Set Size- 2.7X2.7X7 Inch","Crocon","FBA","Home & Kitchen",1150362,"Countertop Soap Dispensers",34.99,-7,8,10,279.92,7,4.8,"CROCON TECHNOLOGIES",1,"N/A","N/A","Large Standard-Size",3.82,4.02,8.03,1.81,49.24,171.27,"05/01/2023",11,7,21,1.14
"https://amazon.com/dp/B0871SRGPD","B0871SRGPD","Built in Soap Dispenser for Kitchen Sink, Stainless Steel (Black Stainless Steel), Pump Set for Dish Soap or Lotion, Refill from The Top, for CounterTop","Kimi Cuisine","FBA","Tools & Home Improvement",6755,"Built In Soap Dispensers",34.99,"N/A",967,-46,33835.33,8917,4.6,"Kimi Trade Store",1,18783,-31,"Large Standard-Size",2.83,7.32,16.61,1.83,137.4,477.9,"09/01/2021",38,5,9,0.11
"https://amazon.com/dp/B09NHT87VJ","B09NHT87VJ","Relaxdays Set of 2, 300 ml, Liquid Soap Dispenser Bathroom, Toilet & Kitchen, Refillable, Concrete, Stainless Steel Pump, Grey, Gray, 2-Set","Relaxdays","FBM","Home & Kitchen",1650455,"Countertop Soap Dispensers",110,2,0,-120,0,2,2.9,"Amazon Global Store UK",1,"N/A","N/A","Large Standard-Size",5.04,8.94,8.94,2.8,"N/A","N/A","04/01/2023",12,8,0,0
"https://amazon.com/dp/B095376H3V","B095376H3V","YRHH 4-Piece Ceramic Bathroom Set Includes Soap Dispenser Pump, Toothbrush Holder, Tumblers, Wooden Tray,Bathroom and Kitchen Wash Set-White","YRHH","FBM","Home & Kitchen",6215694,"Bathroom Accessory Sets",61.73,"N/A",0,,0,"N/A","N/A","Hello service first",1,"N/A","N/A","N/A","N/A","N/A","N/A","N/A","N/A","N/A","03/01/2023","-",7,3,"N/A"
"https://amazon.com/dp/B078HWTZS2","B078HWTZS2","Built in Soap Dispenser for Kitchen Sink,Stainless Steel (Oil Rubbed Bronze), Pump Set for Dish Soap or Lotion, Refill from The Top, for CounterTop","Kimi Cuisine","FBA","Tools & Home Improvement",6168,"Built In Soap Dispensers",34.99,"N/A",967,-46,33835.33,8918,4.6,"Kimi Trade Store",1,18783,-31,"Large Standard-Size",2.72,5.31,8.94,0.55,51.52,179.22,"09/01/2021",66,7,9,0.11
"https://amazon.com/dp/B0943Z7HCK","B0943Z7HCK","zhanwang Gray Granite 4-Piece Bathroom Set Bathroom Accessories, Including soap Dispenser, Toothbrush Holder, soap Box, Toothbrush Cup, Kitchen Decoration, etc. (Granite Sand-Toilet Brush)","zhanwang","FBM","Home & Kitchen",5125128,"Bathroom Accessory Sets",45.9,"N/A",0,0,0,1,4,"ZhanWang Home",1,"N/A","N/A","N/A","N/A","N/A","N/A","N/A","N/A","N/A","11/01/2021",24,2,8,0
"https://amazon.com/dp/B09DJQ86ZC","B09DJQ86ZC","Double Bowl Kitchen Bar Sink, 32.3x17.7In Stainlee Steel Drop In Topmount Kitchen Sink with Gift-Soap Dispenser, Faucet Mat, Drain Strainer Set for Modern Kitchen Sink","Koardink","FBA","Tools & Home Improvement",172427,"Double Bowl",195.9,-1,11,-110,2154.9,24,3.9,"Sink House",1,252,"N/A","Small Oversize",8,10,34,21.95,755.56,1888.89,"04/01/2023",21,9,0,0.48
"https://amazon.com/dp/B0934C8R7B","B0934C8R7B","Bathroom Accessories - Set of 5 Includes Soap Lotion Dispenser, Soap Dish Tumbler, Cotton Jar, Tissue Box for Modern Farmhouse Bath Decor Kitchen Countertop Organizer Housewarming Gift - Silver","Decozen","FBM","Home & Kitchen",1418396,"Bathroom Accessory Sets",64,13,5,-91,320,9,4.2,"DECOZEN",1,109,"N/A","Large Standard-Size",8,8.5,10,4.2,"N/A","N/A","04/01/2023",26,8,5,0.56
"https://amazon.com/dp/B0BZVJC27V","B0BZVJC27V","JDHEXY Bathroom Accessory Set,5 pcs Bathroom Set Complete,Lotion Soap Dispenser,Toothbrush Holders,Glass Qtip Holder Gold Lid,Soap Dish,Vanity Tray for Decor Countertop,Resin Kitchen Organizer White","JDHEXY","FBA","Home & Kitchen",110546,"Bathroom Accessory Sets",37.99,-1,254,,9649.46,53,4.6,"JINDA22",1,"N/A","N/A","Large Standard-Size",5.6,8,11,4.35,196.78,684.44,"06/01/2023",1,8,2,4.79
"https://amazon.com/dp/B079Z4V988","B079Z4V988","Secura 2 Pcs 17oz Touchless Battery Operated Automatic Liquid Soap Dispenser Set w/Adjustable Soap Dispensing Volume Control Dial, Suitable for Bathroom Countertop or Kitchen Sink (Chrome)","Secura","FBM","Home & Kitchen",316913,"Bath",52.99,"N/A",115,2,6093.85,17,4.6,"Lafraise",1,"N/A","N/A","Large Standard-Size",6.5,6.54,9.8,2.51,"N/A","N/A","05/01/2023",12,8,0,7.67
"https://amazon.com/dp/B09G5X2FXQ","B09G5X2FXQ","Casavilla Kitchen Faucet Set, Black Kitchen Sink Faucets with Pull Down Sprayer and Soap Dispenser, Single Handle Stainless Steel Faucets for Kitchen Sinks, Farmhouse Kitchen Faucets with Deck Plate","Casavilla","FBA","Tools & Home Improvement",11524,"Touch On Kitchen Sink Faucets",69.99,"N/A",880,65,61591.2,1121,4.3,"CASAVILLA STORE",1,6621,"N/A","Large Standard-Size",2.6,12.52,16.77,4.28,217.86,757.79,"06/01/2023",20,9,17,0.79
"https://amazon.com/dp/B0934F5NT6","B0934F5NT6","Bathroom Accessories - Set of 5 Includes Soap Lotion Dispenser, Soap Dish Tumbler, Cotton Jar, Tissue Box for Modern Farmhouse Bath Decor Kitchen Countertop Organizer Housewarming Gift - Copper","Decozen","FBM","Home & Kitchen",1421840,"Bathroom Accessory Sets",64,13,5,-91,320,9,4.2,"DECOZEN",1,109,"N/A","Large Standard-Size",8,8.5,10,4.2,"N/A","N/A","04/01/2023",26,7,5,0.56
"https://amazon.com/dp/B07FKZ4LTX","B07FKZ4LTX","KRAUS 31 1/2-inch 16 Gauge Pax Kitchen Sink Combo Set with Bolden 18-inch Kitchen Faucet and Soap Dispenser, Chrome KHU32-1610-53CH","Kraus","Amazon","Tools & Home Improvement",1552549,"Touch On Kitchen Sink Faucets",529.95,"N/A",0,0,0,2,1.8,"Amazon",3,3,-99,"Medium Oversize",14.5,22,34,45.46,"N/A","N/A","07/01/2021",57,14,0,0
"https://amazon.com/dp/B096K2P7SR","B096K2P7SR","Casavilla Kitchen Faucet Set, Commercial Kitchen Sink Faucets with Pull Down Sprayer and Soap Dispenser, Stainless Steel Faucets for Kitchen Sinks, Single Handle Spring Kitchen Faucets with Deck Plate","Casavilla","FBA","Tools & Home Improvement",11524,"Touch On Kitchen Sink Faucets",69.99,"N/A",882,65,61731.18,1121,4.3,"CASAVILLA STORE",1,6666,"N/A","Large Standard-Size",2.83,12.48,16.73,4.29,236.37,822.14,"06/01/2023",24,9,17,0.79
"https://amazon.com/dp/B0934GY8G6","B0934GY8G6","Bathroom Accessories - Set of 5 Includes Soap Lotion Dispenser, Soap Dish, Tumbler, Cotton Jar, Tissue Box for Modern Farmhouse Bath Decor Kitchen Countertop Organizer Housewarming Gift - Brown Silver","Decozen","FBM","Home & Kitchen",1418396,"Bathroom Accessory Sets",64,13,5,-91,320,9,4.2,"DECOZEN",1,109,"N/A","Large Standard-Size",8,8.5,10,4.2,"N/A","N/A","04/01/2023",26,7,5,0.56
"https://amazon.com/dp/B0934MP4S6","B0934MP4S6","Bathroom Accessories - Set of 5 Includes Soap Lotion Dispenser, Soap Dish Tumbler, Cotton Jar, Tissue Box for Modern Farmhouse Bath Decor Kitchen Countertop Organizer Housewarming Gift - Copper Silver","Decozen","FBM","Home & Kitchen",1417938,"Bathroom Accessory Sets",64,13,5,-91,320,9,4.2,"DECOZEN",1,109,"N/A","Large Standard-Size",8,8.5,10,4.2,"N/A","N/A","04/01/2023",26,7,5,0.56
"https://amazon.com/dp/B07FKTVWBV","B07FKTVWBV","KRAUS 28 1/2-inch 16 Gauge Pax Kitchen Sink Combo Set with Bolden 18-inch Kitchen Faucet and Soap Dispenser, Chrome KHU29-1610-53CH","Kraus","Amazon","Tools & Home Improvement",1684308,"Single Bowl",519.95,"N/A",0,0,0,103,4.3,"Amazon",4,1,-99,"Medium Oversize",17.5,25,36.25,49.91,"N/A","N/A","06/01/2021",59,14,0,0
"https://amazon.com/dp/B09345MKD9","B09345MKD9","Bathroom Accessories - Set of 5 Includes Soap Lotion Dispenser, Soap Dish Tumbler, Cotton Jar, Tissue Box for Modern Farmhouse Bath Decor Kitchen Countertop Organizer Housewarming Gift - Silver Royal","Decozen","FBM","Home & Kitchen",1410719,"Bathroom Accessory Sets",64,13,5,-91,320,9,4.2,"DECOZEN",1,109,"N/A","Large Standard-Size",8,8.5,10,4.2,"N/A","N/A","04/01/2023",26,7,5,0.56
"https://amazon.com/dp/B07FKWC2LX","B07FKWC2LX","KRAUS 28 1/2-inch 16 Gauge Pax Kitchen Sink Combo Set with Bolden 18-inch Kitchen Faucet and Soap Dispenser, Stainless Steel KHU29-1610-53SS","Kraus","Amazon","Tools & Home Improvement",1617411,"Single Bowl",539.95,"N/A",0,-100,0,103,4.3,"Amazon",4,2,-98,"Medium Oversize",18.25,24.25,36.25,46.76,"N/A","N/A","06/01/2021",57,14,0,0
"https://amazon.com/dp/B07FKTXZNQ","B07FKTXZNQ","KRAUS 31 1/2-inch 16 Gauge Pax Kitchen Sink Combo Set with Matte Black Bolden 18-inch Kitchen Faucet and Soap Dispenser, KHU32-1610-53MB","Kraus","FBM","Tools & Home Improvement",1134502,"Touch On Kitchen Sink Faucets",569.95,"N/A",1,0,569.95,1,5,"Buildcom",3,1,-100,"Medium Oversize",14.5,21.5,34.5,46.01,"N/A","N/A","07/01/2021",57,14,1,1
"https://amazon.com/dp/B07VT191KF","B07VT191KF","Hotis Kitchen faucets for Sink 3 Hole, Kitchen Faucet with Pull Down Sprayer, Kitchen Faucet Set Stainless Steel Single Handle, Brushed Nickel with Side Single Handle and Soap Dispenser","HOTIS HOME","FBA","Tools & Home Improvement",393279,"Kitchen Sink Faucets",75.99,"N/A",1,-127,75.99,588,4.4,"comllenlight",1,696,-22,"Large Standard-Size",2.95,13.07,17.36,5.73,267.27,929.64,"08/01/2021",45,7,0,0
"https://amazon.com/dp/B07FKZXL93","B07FKZXL93","KRAUS 28 1/2-inch 16 Gauge Pax Kitchen Sink Combo Set with Matte Black Bolden 18-inch Kitchen Faucet and Soap Dispenser, KHU29-1610-53MB","Kraus","Amazon","Tools & Home Improvement",1778959,"Single Bowl",549.95,-2,0,0,0,0,"N/A","Amazon",4,1,"N/A","Medium Oversize",18.3,24.3,36,47.71,"N/A","N/A","07/01/2022",59,14,0,"N/A"
"https://amazon.com/dp/B07FKWC2LY","B07FKWC2LY","KRAUS 31 1/2-inch 16 Gauge Pax Kitchen Sink Combo Set with Bolden 18-inch Kitchen Faucet and Soap Dispenser, Stainless Steel KHU32-1610-53SS","Kraus","FBM","Tools & Home Improvement",1238597,"Touch On Kitchen Sink Faucets",549.95,-24,1,0,549.95,2,5,"Buildcom",3,4,-98,"Medium Oversize",18,24.5,36.5,51.81,"N/A","N/A","07/01/2021",59,14,0,0.5
"https://amazon.com/dp/B07FL6D2CW","B07FL6D2CW","KRAUS 31 1/2-inch 16 Gauge Pax Kitchen Sink Combo Set with Bolden 18-inch Kitchen Faucet and Soap Dispenser, Stainless Steel Chrome KHU32-1610-53SSCH","Kraus","Amazon","Tools & Home Improvement",1357736,"Touch On Kitchen Sink Faucets",539.95,3,0,0,0,3,5,"Amazon",4,1,-100,"Medium Oversize",18.7,24.3,36.9,48.61,"N/A","N/A","07/01/2021",58,14,0,0
"https://amazon.com/dp/B0BVT7T6N1","B0BVT7T6N1","Black Single Bowl Undermount Kitchen Sink 304 Stainless Steel Utility Commercial Kitchen Sink Modern Kitchen Sink Bar Sink with Hidden Faucet Drain Strainer Set Cup Washer Soap Dispenser for Coffee (","SADRIM","FBM","Tools & Home Improvement",1363139,"Single Bowl",432.38,-13,0,33,0,"N/A","N/A","LLYLA",1,"N/A","N/A","N/A","N/A","N/A","N/A","N/A","N/A","N/A","05/01/2023",3,7,4,"N/A"
"https://amazon.com/dp/B0BVSSXT81","B0BVSSXT81","Black Single Bowl Undermount Kitchen Sink 304 Stainless Steel Utility Commercial Kitchen Sink Modern Kitchen Sink Bar sink with Hidden Faucet Drain Strainer Set Cup Washer Soap Dispenser for Coffee (","SADRIM","FBM","Tools & Home Improvement",1359876,"Single Bowl",356.71,"N/A",0,33,0,"N/A","N/A","LLYLA",1,"N/A","N/A","N/A","N/A","N/A","N/A","N/A","N/A","N/A","05/01/2023","-",7,4,"N/A"
"https://amazon.com/dp/B0BVTFNV8L","B0BVTFNV8L","Black Single Bowl Undermount Kitchen Sink 304 Stainless Steel Utility Commercial Kitchen Sink Modern Kitchen Sink Bar sink with Hidden Faucet Drain Strainer Set Cup Washer Soap Dispenser for Coffee (","SADRIM","FBM","Tools & Home Improvement",1359876,"Single Bowl",391.11,"N/A",0,33,0,"N/A","N/A","LLYLA",1,"N/A","N/A","N/A","N/A","N/A","N/A","N/A","N/A","N/A","05/01/2023","-",7,4,"N/A"
"https://amazon.com/dp/B07GKZRD8C","B07GKZRD8C","Built in Soap Dispenser for Kitchen Sink, Stainless Steel (Black Matte), Pump Set for Dish Soap or Lotion, Refill from The Top, for CounterTop Fits 1 to 1.4 inch Hole","Kimi Cuisine","FBA","Tools & Home Improvement",6168,"Built In Soap Dispensers",34.99,"N/A",967,-46,33835.33,8916,4.6,"Kimi Trade Store",1,18783,-31,"Large Standard-Size",2.7,5.2,8.9,0.45,49.9,173.55,"09/01/2021",58,7,9,0.11
"https://amazon.com/dp/B0BVTNJNYF","B0BVTNJNYF","Black Single Bowl Undermount Kitchen Sink 304 Stainless Steel Utility Commercial Kitchen Sink Modern Kitchen Sink Bar sink with Hidden Faucet Drain Strainer Set Cup Washer Soap Dispenser for Coffee (","SADRIM","FBM","Tools & Home Improvement",1363139,"Single Bowl",408.3,"N/A",0,33,0,"N/A","N/A","LLYLA",1,"N/A","N/A","N/A","N/A","N/A","N/A","N/A","N/A","N/A","05/01/2023","-",7,4,"N/A"
"https://amazon.com/dp/B0BLSQPFYP","B0BLSQPFYP","Double Bowl Kitchen Sink, Drop In 32.3 x 17.7 Stainless Steel Topmount Bar Sink Nice Kitchen Sink With Gift-Soap Dispenser, Faucet Mat, Drain Strainer Set for Modern Kitchen Sink","Qinqi","FBA","Tools & Home Improvement",284055,"Double Bowl",190.9,-5,11,0,2099.9,6,3.8,"FunQ",1,"N/A","N/A","Small Oversize",9.8,19.3,34.2,21.3,1796.83,4492.08,"02/01/2023",5,8,0,1.83
"https://amazon.com/dp/B07DXH8HH3","B07DXH8HH3","Hotis 3 Hole Kitchen Faucet, 2 Hole Kitchen Faucet with Pull Down Sprayer, Brushed Nickel Kitchen Faucets for Sink, Single Handle Pull Out Stainless Steel Kitchen Sink Faucet Set with Soap Dispenser …","HOTIS HOME","FBA","Tools & Home Improvement",415564,"Touch On Kitchen Sink Faucets",75.99,12,1,-111,75.99,500,4.1,"Hotis home",1,496,-13,"Large Standard-Size",2.9,13.2,17.8,7,272.08,946.37,"06/01/2021",58,6,0,0
"https://amazon.com/dp/B07FMQZ871","B07FMQZ871","KRAUS 28 1/2-inch 16 Gauge Pax Kitchen Sink Combo Set with Bolden 18-inch Kitchen Faucet and Soap Dispenser, Stainless Steel Chrome KHU29-1610-53SSCH","Kraus","Amazon","Tools & Home Improvement",1342012,"Single Bowl",529.95,"N/A",0,-133,0,103,4.3,"Amazon",5,3,-97,"Medium Oversize",14,25,36,47.01,"N/A","N/A","06/01/2021",57,14,0,0
"https://amazon.com/dp/B07FKWM1Y2","B07FKWM1Y2","KRAUS 31 1/2-inch 16 Gauge Pax Kitchen Sink Combo Set with Bolden 18-inch Kitchen Faucet and Soap Dispenser, Stainless Steel Matte Black KHU32-1610-53SSMB","Kraus","Amazon","Tools & Home Improvement",1983310,"Touch On Kitchen Sink Faucets",559.95,-3,0,0,0,1,5,"Amazon",3,"N/A","N/A","Medium Oversize",14.5,21.5,35,45.91,"N/A","N/A","07/01/2021",57,14,0,0
"https://amazon.com/dp/B09LS1R7P3","B09LS1R7P3","ZDBH Bathroom Storage Rack Bathroom Hardware Set, Gold Soap Dispenser, Toothbrush Holder, Cotton Swab Box for Dorm, Bath, Kitchen (Color : Cotton wrab Box)","ZDBH","FBM","Home & Kitchen",5967003,"Bathroom Accessory Sets",104.92,"N/A",0,0,0,"N/A","N/A","zhedoubaihuodian",1,"N/A","N/A","N/A","N/A","N/A","N/A","N/A","N/A","N/A","-",9,4,13,"N/A"
"https://amazon.com/dp/B08V8LR3DS","B08V8LR3DS","AINEKUI Jar Bathroom Accessories Set, Bathroom Sets Includes Foaming Mason Jar Soap Dispenser, Toothbrush Holder, 2 Apothecary Jars, for Kitchen and Bathroom Home Decor, 4 Piece Set","AINEKUI","FBM","Home & Kitchen",4577492,"Bathroom Accessory Sets",54.19,"N/A",0,0,0,1,4,"HOUNKUI",1,"N/A","N/A","Large Standard-Size",5.24,10.39,13.46,2.95,"N/A","N/A","08/01/2021",28,7,0,0
"https://amazon.com/dp/B07FKRBS58","B07FKRBS58","KRAUS 28 1/2-inch 16 Gauge Pax Kitchen Sink Combo Set with Bolden 18-inch Kitchen Faucet and Soap Dispenser, Stainless Steel Matte Black KHU29-1610-53SSMB","Kraus","Amazon","Tools & Home Improvement",1602520,"Single Bowl",519.95,"N/A",0,0,0,75,3.9,"Amazon",5,2,-98,"Medium Oversize",18.5,24,36,47.66,"N/A","N/A","06/01/2021",57,14,1,0
"https://amazon.com/dp/B08L91WW7S","B08L91WW7S","TITANTON 33"" Premium Quality Handmade Stainless Steel Kitchen Sink Single Bowl Undermount 16 Gauge 6-piece Set with Kitchen Faucet - Bottom Grid - Adjustable Colander - Soap Dispenser - Drain Strainer","TITANTON","FBM","Tools & Home Improvement",898661,"Single Bowl",239.99,"N/A",0,-100,0,38,4.2,"TITANTON INC.",1,2,-95,"N/A","N/A","N/A","N/A","N/A","N/A","N/A","06/01/2021",32,7,3,0
"https://amazon.com/dp/B08L8KPFBF","B08L8KPFBF","TITANTON 27"" Premium Quality Handmade Stainless Steel Kitchen Sink Single Bowl Undermount 16 Gauge 6-piece Set with Kitchen Faucet - Bottom Grid - Adjustable Colander - Soap Dispenser - Drain Strainer","TITANTON","FBM","Tools & Home Improvement",900150,"Single Bowl",229.99,"N/A",0,-100,0,38,4.2,"TITANTON INC.",1,2,-95,"N/A","N/A","N/A","N/A","N/A","N/A","N/A","06/01/2021",32,7,3,0
"https://amazon.com/dp/B0BRGQV1H5","B0BRGQV1H5","Black Kitchen Sink, Stainless Steel Topmount Bar Sink 33x22x9 Inch Single Bowl Drop In Kitchen Sink Combo-Sink Grid,Soap Dispenser,Faucet Mat,Drain Strainer Set for Modern Single Basin Kitchen Sink","Koardink","FBA","Tools & Home Improvement",190486,"Single Bowl",219.9,-1,86,0,18911.4,11,4.1,"Sink House",1,"N/A","N/A","Small Oversize",11,24,34.5,24.11,2530,6325,"06/01/2023",4,7,0,7.82
"https://amazon.com/dp/B09CMDF3YC","B09CMDF3YC","Hand Soap Dispensers, Set of 3, Wall Mounted ABS Lotion Dispenser, 450ml Manual Dish Bath Lotion Bottles with Pump, for Kitchen Bathroom or Hotel","Haofy","FBM","Home & Kitchen",6569888,"Countertop Soap Dispensers",32.54,-7,0,0,0,"N/A","N/A","Qmee",1,"N/A","N/A","Large Standard-Size",11.42,6.3,3.94,2.2,"N/A","N/A","03/01/2023",22,9,0,"N/A"
"https://amazon.com/dp/B0BD3RBZJW","B0BD3RBZJW","Camedo Home Soap Dispenser with Bamboo Pump 2-Pack Gift Set, 11oz Thick Clear Glass Bottles Lotion Dispensers for Bathroom, Kitchen Accessories (Bamboo Pump)","CAMEDO HOME","FBA","Home & Kitchen",1668810,"Lotion Dispensers",30.99,"N/A",2,-14,61.98,2,5,"Saifly",1,"N/A","N/A","Large Standard-Size",3.66,9.8,11.69,2.89,167.43,582.36,"02/01/2023",8,7,1,1
"https://amazon.com/dp/B07W7S6CZ8","B07W7S6CZ8","ZONE DENMARK, 3 Piece Dishwash Set for Kitchen Sink with Dish Scrub Brush, Ceramic Holder and Silicone Soap Dispenser, Modern Design, Black, 1 Count","ZONE DENMARK","FBM","Health & Household",685489,"Brushes",66.79,11,0,0,0,40,4.6,"M + L",2,1,"N/A","Large Standard-Size",3.5,6.14,9.13,1.36,"N/A","N/A","08/01/2022",33,3,0,0
"https://amazon.com/dp/B0BYX4CVG3","B0BYX4CVG3","Black Kitchen Sink, Stainless Steel Topmount Bar Sink 22x18x9 Inch Single Bowl Drop In Kitchen Sink Combo-Sink Grid,Soap Dispenser,Drain Basket,Strainer Mesh,Drain Strainer Set for Modern Kitchen Sink","Koardink","FBA","Tools & Home Improvement",132680,"Single Bowl",144.9,10,147,,21300.3,20,4.7,"Sink House",1,"N/A","N/A","Small Oversize",10.4,20,24.5,18,1415.56,3538.89,"06/01/2023",1,7,2,7.35
"https://amazon.com/dp/B0C157TD3Q","B0C157TD3Q","Black Kitchen Sink, Stainless Steel Topmount Bar Sink 25x22x9 Inch Single Bowl Drop In Kitchen Sink Combo-Sink Grid,Soap Dispenser,Faucet Mat,Drain Strainer Set for Modern Single Basin Kitchen Sink","Koardink","FBA","Tools & Home Improvement",67523,"Single Bowl",157.9,-7,86,,13579.4,22,4.3,"Sink House",1,"N/A","N/A","Small Oversize",10.3,23,26.1,19.84,1717.53,4293.81,"06/01/2023","-",7,2,3.91
"https://amazon.com/dp/B0B9NYLY4C","B0B9NYLY4C","Square Glass Clear Lotion and Soap Pump Dispenser Set with Metal Stand Caddy for Bathroom Bath Kitchen Home Office Travel Hotel Hand Crafted Heavy Weight","Indecor Home","FBA","Home & Kitchen",114193,"Countertop Soap Dispensers",34.99,10,213,-36,7452.87,127,4.7,"Indecor Home LLC",1,"N/A","N/A","Large Standard-Size",5.28,8.7,10.47,3.9,192.05,667.99,"10/01/2022",10,8,6,1.68
"https://amazon.com/dp/B07MR7MNBJ","B07MR7MNBJ","Bathroom Accessories - Set of 4 Includes Decorative Soap Lotion Dispenser, Tumbler, Tissue Box, Tray for Modern Farmhouse Bath Decor Kitchen Countertop Organizer Housewarming Gift - Black","Decozen","FBM","Home & Kitchen",1674702,"Bathroom Accessory Sets",34,"N/A",2,-81,68,87,4.5,"DECOZEN",2,67,"N/A","Large Standard-Size",6.57,6.65,12.28,2.66,"N/A","N/A","08/01/2022",52,9,8,0.02
"https://amazon.com/dp/B0BZ8F5F9G","B0BZ8F5F9G","Kraus KHU101-21 Standart PRO 16 Gauge Undermount Single Bowl Set, 21 Inch, Stainless Steel & Kitchen Soap and Lotion Dispenser in Stainless Steel, KSD-41SS","Kraus","Amazon","Tools & Home Improvement",568002,"Single Bowl",284.11,-5,3,-124,852.42,7739,4.7,"Amazon",0,"N/A","N/A","N/A","N/A","N/A","N/A","N/A","N/A","N/A","03/01/2023","-",7,20,0
"https://amazon.com/dp/B07FKTVX85","B07FKTVX85","KRAUS 24-inch 18 Gauge Pax Laundry and Utility Sink Combo Set with Bolden 18-inch Kitchen Faucet and Soap Dispenser, Chrome KHU24L-1610-53CH","Kraus","FBM","Tools & Home Improvement",965193,"Single Bowl",456.19,7,1,-107,456.19,2,5,"UnbeatableSale Local",3,20,-76,"Medium Oversize",21.3,24.5,28.25,40.36,"N/A","N/A","07/01/2021",58,14,1,0.5
"https://amazon.com/dp/B08THQFGK4","B08THQFGK4","AINEKUI Mason Jar Bathroom Accessories Set 4 Pcs, Lotion Soap Dispenser, Toothbrush Holder, 2 Cotton Swab Jars, Suitable for Home Decoration in Bathroom and Kitchen","AINEKUI","FBM","Home & Kitchen",3963367,"Bathroom Accessory Sets",42.89,28,0,0,0,1,4,"-wu-",1,"N/A","N/A","Large Standard-Size",6.73,8.11,8.35,2.56,"N/A","N/A","03/01/2022",28,7,0,0
"https://amazon.com/dp/B07MKTGCMH","B07MKTGCMH","Bathroom Accessories - Set of 4 Includes Decorative Soap Lotion Dispenser, Tumbler, Tissue Box, Tray for Modern Farmhouse Bath Decor Kitchen Countertop Organizer Housewarming Gift - Grey","Decozen","FBM","Home & Kitchen",1676775,"Bathroom Accessory Sets",34,"N/A",2,-81,68,87,4.5,"DECOZEN",2,67,"N/A","Large Standard-Size",6.3,6.7,12.3,2.35,"N/A","N/A","08/01/2022",52,9,8,0.02
"https://amazon.com/dp/B07MDMJBCT","B07MDMJBCT","Bathroom Accessories - Set of 4 Includes Decorative Soap Lotion Dispenser, Tumbler, Tissue Box, Tray for Modern Farmhouse Bath Decor Kitchen Countertop Organizer Housewarming Gift - Crystal Beige","Decozen","FBM","Home & Kitchen",1674702,"Bathroom Accessory Sets",34,"N/A",2,-81,68,87,4.5,"DECOZEN",2,67,"N/A","Large Standard-Size",6.3,6.65,12.44,2.57,"N/A","N/A","08/01/2022",52,9,8,0.02
"https://amazon.com/dp/B07FKWDL43","B07FKWDL43","KRAUS 24-inch 18 Gauge Pax Laundry and Utility Sink Combo Set with Bolden 18-inch Kitchen Faucet and Soap Dispenser, Stainless Steel KHU24L-1610-53SS","Kraus","Amazon","Tools & Home Improvement",738315,"Single Bowl",459.95,"N/A",1,-120,459.95,11,4.5,"Amazon",4,21,-82,"Medium Oversize",21,24.25,28.5,40.31,"N/A","N/A","07/01/2021",59,14,0,0.09
"https://amazon.com/dp/B07FMVPJSP","B07FMVPJSP","KRAUS 24-inch 18 Gauge Pax Laundry and Utility Sink Combo Set with Matte Black Bolden 18-inch Kitchen Faucet and Soap Dispenser, KHU24L-1610-53MB","Kraus","Amazon","Tools & Home Improvement",1149311,"Single Bowl",469.95,"N/A",0,-100,0,5,5,"Amazon",3,7,-22,"Medium Oversize",21,25,29,29,"N/A","N/A","08/01/2022",58,14,0,0
"https://amazon.com/dp/B0B3DCJJ3D","B0B3DCJJ3D","Kitchen Faucet with Soap Dispenser and Pull Down Sprayer, Towel Rack,5-Piece Bathroom Hardware Set, Towel Bar, 3 Robe Hooks, Toilet Paper Holder, Faucet for Camper Farmhouse RV Kitchen Sink","Casavilla","FBA","Tools & Home Improvement",488801,"Touch On Kitchen Sink Faucets",65.99,-17,6,-96,395.94,57,4.2,"CASAVILLA STORE",1,"N/A","N/A","Large Standard-Size",4.29,11.97,16.57,6.99,339.77,1181.79,"12/01/2022",11,9,6,0.11
"https://amazon.com/dp/B09MB7BHYN","B09MB7BHYN","Crocon Black Marble Brass Line Design Refillable Dispenser Golden Pump Bottle for Bathroom & Kitchen Decor Countertop Accessory Set for Liquid Soap Lotions and Oil, Size-: 2.7X2.7X7 Inch","Crocon","FBA","Home & Kitchen",1853405,"Countertop Soap Dispensers",34.99,-8,1,-121,34.99,9,2.9,"CROCON TECHNOLOGIES",1,35,"N/A","Large Standard-Size",3.86,3.86,7.68,2.47,45.69,158.93,"03/01/2022",17,9,0,0.11
"https://amazon.com/dp/B07FKWL1V9","B07FKWL1V9","KRAUS 24-inch 18 Gauge Pax Laundry and Utility Sink Combo Set with Bolden 18-inch Kitchen Faucet and Soap Dispenser, Stainless Steel Chrome KHU24L-1610-53SSCH","Kraus","Amazon","Tools & Home Improvement",1240224,"Single Bowl",449.95,"N/A",0,0,0,3,4.1,"Amazon",4,18,-85,"Medium Oversize",20.12,24.38,28.38,40.31,"N/A","N/A","07/01/2021",58,14,0,0
"https://amazon.com/dp/B0C3NLVSJ9","B0C3NLVSJ9","Lange & Hearn Set of 2 Premium Quality16 OZ Glass Soap Dispenser with 2 BPA Free Matte Black, 2 BPA Free Grey, Long Lasting Pumps, Bathroom, Kitchen, Countertop","Lange & Hearn","FBA","Home & Kitchen",2378858,"Countertop Soap Dispensers",31.99,"N/A",0,0,0,"N/A","N/A","Lange & Hearn",1,"N/A","N/A","Large Standard-Size",8.75,5.5,6.5,2,124.91,434.46,"-","-",1,0,"N/A"
"https://amazon.com/dp/B07FL6J9P2","B07FL6J9P2","KRAUS 24-inch 18 Gauge Pax Laundry and Utility Sink Combo Set with Bolden 18-inch Kitchen Faucet and Soap Dispenser, Stainless Steel Matte Black KHU24L-1610-53SSMB","Kraus","Amazon","Tools & Home Improvement",1237105,"Single Bowl",469.95,"N/A",0,0,0,2,4.4,"Amazon",4,6,50,"Medium Oversize",21,24.5,28.5,44.11,"N/A","N/A","08/01/2022",58,14,0,0
"https://amazon.com/dp/B09D3DKHBN","B09D3DKHBN","Suanti Bathroom Accessories Set,5 Pieces Resin Teal Glitter Kitchen Accessories and Décor with Lotion Dispenser, Soap Dish, Tumbler, Toothbrush Holder, Q Tip Holders for Home, Office, Superior Hotel","Suanti","FBA","Home & Kitchen",296068,"Bathroom Accessory Sets",34.99,99,60,5,2099.4,86,4.6,"Nalak Co., Ltd",1,1108,"N/A","Large Standard-Size",3.62,8.82,10.28,4.14,131.06,455.87,"12/01/2022",20,6,3,0.7
"https://amazon.com/dp/B08BMNZQNS","B08BMNZQNS","VIGO VG15997 20.5"" L -30.0"" W -18.5"" H Stainless Steel Single-Bowl Slotted Apron Front Farmhouse Kitchen Sink Set with Gold/Black Faucet, Soap Dispenser, Cutting Board, Grid and Strainer","VIGO","FBM","Tools & Home Improvement",1825270,"Single Bowl",681.9,-30,0,0,0,1,4,"Everyday Interiors",2,1,0,"Medium Oversize",35,13,28,59,"N/A","N/A","11/01/2021","-",5,10,0
"https://amazon.com/dp/B08BLW35GT","B08BLW35GT","VIGO VG151005 20.5"" L -36.0"" W -18.5"" H Stainless Steel Single-Bowl Flat Apron Front Farmhouse Kitchen Sink Set with Gold/Black Faucet, Soap Dispenser, Cutting Board, Grid and Strainer","VIGO","FBM","Tools & Home Improvement",1825270,"Single Bowl",811.9,-11,0,0,0,1,4,"Everyday Interiors",2,1,0,"Medium Oversize",41,13,28,69,"N/A","N/A","11/01/2021",31,9,10,0
"https://amazon.com/dp/B08BLW4V7W","B08BLW4V7W","VIGO VG151007 20.5"" L -33.0"" W -18.5"" H Stainless Steel Single-Bowl Slotted Apron Front Farmhouse Kitchen Sink Set with Gold/Black Faucet, Soap Dispenser, Cutting Board, Grid and Strainer","VIGO","FBM","Tools & Home Improvement",1825270,"Single Bowl",893.09,5,0,0,0,1,4,"Buildcom",1,1,0,"Medium Oversize",38,13,28,69,"N/A","N/A","11/01/2021",34,9,10,0
"https://amazon.com/dp/B08BMG4ZQD","B08BMG4ZQD","VIGO VG15996 20.5"" L -33.0"" W -18.5"" H Stainless Steel Single-Bowl Flat Apron Front Farmhouse Kitchen Sink Set with Gold/Black Faucet, Soap Dispenser, Cutting Board, Grid and Strainer","VIGO","FBM","Tools & Home Improvement",1825182,"Single Bowl",801.9,1,0,0,0,1,4,"Everyday Interiors",2,1,0,"Medium Oversize",38,13,28,69,"N/A","N/A","11/01/2021","-",9,10,0